GRD_ID,CLASS,POP
346,0.0,0.0
415,0.0,0.0
484,11.0,1218.0
553,9.0,454.0
622,8.0,174.0
691,12.0,3326.0
760,11.0,1472.0
829,12.0,2940.0
898,11.0,1171.0
967,11.0,1652.0
1036,10.0,612.0
1105,9.0,421.0
1174,9.0,281.0
1243,3.0,6.0
1312,4.0,9.0
1381,5.0,30.0
1450,1.0,1.0
1519,1.0,1.0
1588,0.0,0.0
1657,0.0,0.0
1726,0.0,0.0
1795,6.0,41.0
1864,10.0,598.0
1933,10.0,928.0
2002,8.0,250.0
2071,11.0,1529.0
2140,11.0,1624.0
2209,11.0,1995.0
2278,10.0,932.0
2347,8.0,208.0
2416,3.0,7.0
2485,0.0,0.0
2554,10.0,1020.0
2623,11.0,1947.0
2692,11.0,1474.0
2761,10.0,808.0
2830,10.0,566.0
2899,4.0,14.0
2968,4.0,11.0
3037,4.0,14.0
3106,4.0,14.0
3175,3.0,6.0
3244,4.0,13.0
3313,3.0,6.0
3382,3.0,7.0
3451,4.0,8.0
3520,3.0,5.0
3589,1.0,1.0
3658,1.0,1.0
3727,0.0,0.0
3796,0.0,0.0
3865,0.0,0.0
347,0.0,0.0
416,0.0,0.0
485,1.0,1.0
554,6.0,36.0
623,9.0,325.0
692,10.0,999.0
761,12.0,2259.0
830,12.0,3523.0
899,11.0,2014.0
968,9.0,426.0
1037,11.0,1409.0
1106,10.0,1018.0
1175,10.0,890.0
1244,9.0,417.0
1313,4.0,9.0
1382,3.0,7.0
1451,2.0,2.0
1520,1.0,1.0
1589,2.0,2.0
1658,0.0,0.0
1727,0.0,0.0
1796,6.0,59.0
1865,7.0,80.0
1934,10.0,778.0
2003,9.0,458.0
2072,11.0,1684.0
2141,11.0,1145.0
2210,10.0,763.0
2279,9.0,360.0
2348,8.0,156.0
2417,8.0,148.0
2486,7.0,96.0
2555,9.0,351.0
2624,11.0,1289.0
2693,11.0,1055.0
2762,8.0,175.0
2831,6.0,33.0
2900,2.0,3.0
2969,2.0,2.0
3038,2.0,3.0
3107,3.0,4.0
3176,4.0,10.0
3245,3.0,6.0
3314,3.0,6.0
3383,3.0,6.0
3452,3.0,7.0
3521,4.0,10.0
3590,2.0,2.0
3659,0.0,0.0
3728,0.0,0.0
3797,0.0,0.0
3866,0.0,0.0
417,0.0,0.0
486,1.0,1.0
555,4.0,11.0
624,10.0,535.0
693,11.0,1381.0
762,12.0,2074.0
831,12.0,2951.0
900,12.0,2649.0
969,11.0,1027.0
1038,7.0,114.0
1107,9.0,412.0
1176,8.0,251.0
1245,8.0,142.0
1314,3.0,5.0
1383,4.0,9.0
1452,3.0,5.0
1521,2.0,3.0
1590,2.0,2.0
1659,2.0,3.0
1728,0.0,0.0
1797,0.0,0.0
1866,6.0,60.0
1935,9.0,378.0
2004,9.0,422.0
2073,10.0,612.0
2142,10.0,748.0
2211,8.0,146.0
2280,8.0,163.0
2349,8.0,140.0
2418,9.0,338.0
2487,9.0,398.0
2556,9.0,386.0
2625,9.0,295.0
2694,8.0,241.0
2763,8.0,135.0
2832,8.0,160.0
2901,4.0,9.0
2970,3.0,5.0
3039,3.0,6.0
3108,4.0,8.0
3177,3.0,7.0
3246,3.0,7.0
3315,3.0,6.0
3384,3.0,6.0
3453,3.0,6.0
3522,3.0,4.0
3591,0.0,0.0
3660,0.0,0.0
3729,0.0,0.0
3798,1.0,1.0
3867,1.0,1.0
418,0.0,0.0
487,0.0,0.0
556,0.0,0.0
625,7.0,75.0
694,11.0,1629.0
763,11.0,1971.0
832,12.0,2377.0
901,13.0,5464.0
970,12.0,2804.0
1039,9.0,323.0
1108,4.0,15.0
1177,5.0,24.0
1246,0.0,0.0
1315,0.0,0.0
1384,0.0,0.0
1453,3.0,6.0
1522,2.0,3.0
1591,2.0,3.0
1660,3.0,6.0
1729,3.0,4.0
1798,0.0,0.0
1867,6.0,55.0
1936,7.0,125.0
2005,7.0,73.0
2074,9.0,453.0
2143,8.0,220.0
2212,7.0,99.0
2281,5.0,26.0
2350,7.0,99.0
2419,6.0,53.0
2488,9.0,472.0
2557,8.0,231.0
2626,4.0,13.0
2695,4.0,9.0
2764,3.0,6.0
2833,1.0,1.0
2902,1.0,1.0
2971,1.0,1.0
3040,2.0,2.0
3109,3.0,5.0
3178,3.0,7.0
3247,3.0,7.0
3316,3.0,7.0
3385,3.0,7.0
3454,3.0,6.0
3523,3.0,6.0
3592,2.0,3.0
3661,0.0,0.0
3730,1.0,1.0
3799,1.0,1.0
3868,1.0,1.0
419,0.0,0.0
488,0.0,0.0
557,1.0,1.0
626,0.0,0.0
695,12.0,2311.0
764,12.0,3706.0
833,12.0,2707.0
902,12.0,3219.0
971,12.0,3039.0
1040,12.0,2317.0
1109,10.0,973.0
1178,8.0,192.0
1247,0.0,0.0
1316,0.0,0.0
1385,0.0,0.0
1454,0.0,0.0
1523,0.0,0.0
1592,0.0,0.0
1661,5.0,24.0
1730,3.0,6.0
1799,2.0,3.0
1868,6.0,46.0
1937,7.0,82.0
2006,8.0,149.0
2075,2.0,2.0
2144,4.0,12.0
2213,3.0,4.0
2282,3.0,4.0
2351,3.0,4.0
2420,3.0,4.0
2489,3.0,4.0
2558,2.0,2.0
2627,0.0,0.0
2696,4.0,8.0
2765,4.0,8.0
2834,2.0,3.0
2903,1.0,1.0
2972,1.0,1.0
3041,1.0,1.0
3110,1.0,1.0
3179,3.0,7.0
3248,3.0,7.0
3317,3.0,7.0
3386,3.0,5.0
3455,3.0,4.0
3524,3.0,6.0
3593,2.0,3.0
3662,0.0,0.0
3731,1.0,1.0
3800,0.0,0.0
3869,0.0,0.0
420,2.0,3.0
489,6.0,46.0
558,6.0,61.0
627,6.0,51.0
696,9.0,358.0
765,11.0,1852.0
834,11.0,1471.0
903,12.0,2276.0
972,11.0,1145.0
1041,11.0,1485.0
1110,12.0,2348.0
1179,10.0,614.0
1248,0.0,0.0
1317,0.0,0.0
1386,0.0,0.0
1455,0.0,0.0
1524,0.0,0.0
1593,0.0,0.0
1662,0.0,0.0
1731,2.0,3.0
1800,1.0,1.0
1869,6.0,34.0
1938,6.0,45.0
2007,5.0,23.0
2076,4.0,13.0
2145,3.0,4.0
2214,3.0,5.0
2283,3.0,5.0
2352,3.0,4.0
2421,2.0,2.0
2490,0.0,0.0
2559,0.0,0.0
2628,0.0,0.0
2697,2.0,3.0
2766,4.0,9.0
2835,3.0,5.0
2904,0.0,0.0
2973,0.0,0.0
3042,1.0,1.0
3111,1.0,1.0
3180,2.0,3.0
3249,3.0,5.0
3318,3.0,6.0
3387,0.0,0.0
3456,0.0,0.0
3525,0.0,0.0
3594,0.0,0.0
3663,0.0,0.0
3732,0.0,0.0
3801,0.0,0.0
3870,0.0,0.0
421,0.0,0.0
490,7.0,64.0
559,7.0,65.0
628,7.0,65.0
697,7.0,65.0
766,10.0,741.0
835,8.0,143.0
904,2.0,3.0
973,2.0,2.0
1042,0.0,0.0
1111,11.0,1713.0
1180,11.0,1663.0
1249,8.0,173.0
1318,8.0,167.0
1387,5.0,24.0
1456,0.0,0.0
1525,0.0,0.0
1594,0.0,0.0
1663,1.0,1.0
1732,0.0,0.0
1801,1.0,1.0
1870,2.0,2.0
1939,5.0,30.0
2008,5.0,31.0
2077,6.0,36.0
2146,2.0,3.0
2215,3.0,5.0
2284,3.0,4.0
2353,2.0,3.0
2422,0.0,0.0
2491,0.0,0.0
2560,0.0,0.0
2629,0.0,0.0
2698,0.0,0.0
2767,1.0,1.0
2836,2.0,3.0
2905,0.0,0.0
2974,0.0,0.0
3043,1.0,1.0
3112,1.0,1.0
3181,1.0,1.0
3250,2.0,2.0
3319,2.0,3.0
3388,1.0,1.0
3457,2.0,2.0
3526,2.0,2.0
3595,1.0,1.0
3664,1.0,1.0
3733,0.0,0.0
3802,0.0,0.0
3871,0.0,0.0
491,6.0,40.0
560,7.0,65.0
629,6.0,56.0
698,6.0,54.0
767,2.0,3.0
836,10.0,931.0
905,12.0,2351.0
974,12.0,2056.0
1043,12.0,2366.0
1112,7.0,70.0
1181,11.0,2030.0
1250,11.0,1481.0
1319,11.0,1788.0
1388,9.0,304.0
1457,2.0,2.0
1526,0.0,0.0
1595,0.0,0.0
1664,6.0,39.0
1733,5.0,20.0
1802,1.0,1.0
1871,1.0,1.0
1940,1.0,1.0
2009,6.0,63.0
2078,4.0,11.0
2147,2.0,2.0
2216,2.0,2.0
2285,1.0,1.0
2354,0.0,0.0
2423,0.0,0.0
2492,0.0,0.0
2561,0.0,0.0
2630,0.0,0.0
2699,0.0,0.0
2768,0.0,0.0
2837,0.0,0.0
2906,1.0,1.0
2975,0.0,0.0
3044,0.0,0.0
3113,1.0,1.0
3182,1.0,1.0
3251,0.0,0.0
3320,0.0,0.0
3389,0.0,0.0
3458,0.0,0.0
3527,2.0,3.0
3596,2.0,2.0
3665,1.0,1.0
3734,1.0,1.0
3803,0.0,0.0
3872,1.0,1.0
492,0.0,0.0
561,0.0,0.0
630,0.0,0.0
699,0.0,0.0
768,3.0,6.0
837,10.0,666.0
906,12.0,3303.0
975,12.0,3045.0
1044,12.0,2903.0
1113,11.0,2031.0
1182,11.0,1894.0
1251,12.0,2545.0
1320,12.0,2575.0
1389,10.0,684.0
1458,7.0,123.0
1527,4.0,13.0
1596,8.0,219.0
1665,3.0,5.0
1734,2.0,2.0
1803,1.0,1.0
1872,2.0,2.0
1941,2.0,2.0
2010,1.0,1.0
2079,0.0,0.0
2148,0.0,0.0
2217,0.0,0.0
2286,0.0,0.0
2355,0.0,0.0
2424,0.0,0.0
2493,0.0,0.0
2562,0.0,0.0
2631,0.0,0.0
2700,0.0,0.0
2769,0.0,0.0
2838,0.0,0.0
2907,0.0,0.0
2976,0.0,0.0
3045,0.0,0.0
3114,0.0,0.0
3183,0.0,0.0
3252,0.0,0.0
3321,0.0,0.0
3390,0.0,0.0
3459,0.0,0.0
3528,0.0,0.0
3597,3.0,5.0
3666,3.0,4.0
3735,2.0,2.0
3804,1.0,1.0
3873,2.0,2.0
493,0.0,0.0
562,0.0,0.0
631,0.0,0.0
700,0.0,0.0
769,6.0,42.0
838,9.0,279.0
907,12.0,2871.0
976,12.0,2766.0
1045,11.0,1652.0
1114,12.0,2689.0
1183,11.0,1812.0
1252,11.0,1188.0
1321,9.0,389.0
1390,11.0,1518.0
1459,10.0,606.0
1528,9.0,451.0
1597,10.0,985.0
1666,0.0,0.0
1735,0.0,0.0
1804,1.0,1.0
1873,2.0,2.0
1942,2.0,2.0
2011,2.0,2.0
2080,2.0,2.0
2149,2.0,2.0
2218,0.0,0.0
2287,0.0,0.0
2356,0.0,0.0
2425,0.0,0.0
2494,0.0,0.0
2563,0.0,0.0
2632,0.0,0.0
2701,0.0,0.0
2770,0.0,0.0
2839,0.0,0.0
2908,0.0,0.0
2977,0.0,0.0
3046,0.0,0.0
3115,0.0,0.0
3184,0.0,0.0
3253,0.0,0.0
3322,0.0,0.0
3391,0.0,0.0
3460,0.0,0.0
3529,0.0,0.0
3598,0.0,0.0
3667,0.0,0.0
3736,0.0,0.0
3805,1.0,1.0
3874,1.0,1.0
3943,0.0,0.0
494,0.0,0.0
563,0.0,0.0
632,0.0,0.0
701,0.0,0.0
770,0.0,0.0
839,6.0,46.0
908,12.0,2557.0
977,11.0,1136.0
1046,12.0,2738.0
1115,12.0,2864.0
1184,11.0,1940.0
1253,11.0,1351.0
1322,9.0,266.0
1391,8.0,177.0
1460,10.0,870.0
1529,11.0,1402.0
1598,11.0,1732.0
1667,4.0,11.0
1736,1.0,1.0
1805,4.0,8.0
1874,2.0,2.0
1943,2.0,2.0
2012,3.0,5.0
2081,4.0,15.0
2150,1.0,1.0
2219,0.0,0.0
2288,0.0,0.0
2357,0.0,0.0
2426,0.0,0.0
2495,0.0,0.0
2564,0.0,0.0
2633,0.0,0.0
2702,0.0,0.0
2771,0.0,0.0
2840,0.0,0.0
2909,0.0,0.0
2978,0.0,0.0
3047,0.0,0.0
3116,0.0,0.0
3185,0.0,0.0
3254,0.0,0.0
3323,0.0,0.0
3392,0.0,0.0
3461,0.0,0.0
3530,0.0,0.0
3599,0.0,0.0
3668,0.0,0.0
3737,0.0,0.0
3806,0.0,0.0
3875,1.0,1.0
3944,0.0,0.0
495,0.0,0.0
564,0.0,0.0
633,0.0,0.0
702,0.0,0.0
771,0.0,0.0
840,6.0,37.0
909,8.0,238.0
978,11.0,1329.0
1047,13.0,4349.0
1116,11.0,1507.0
1185,12.0,2657.0
1254,11.0,1468.0
1323,12.0,3147.0
1392,11.0,1913.0
1461,12.0,2757.0
1530,12.0,3604.0
1599,10.0,871.0
1668,8.0,193.0
1737,4.0,14.0
1806,3.0,5.0
1875,3.0,6.0
1944,3.0,5.0
2013,3.0,5.0
2082,3.0,5.0
2151,2.0,3.0
2220,0.0,0.0
2289,0.0,0.0
2358,0.0,0.0
2427,0.0,0.0
2496,0.0,0.0
2565,0.0,0.0
2634,0.0,0.0
2703,0.0,0.0
2772,0.0,0.0
2841,0.0,0.0
2910,0.0,0.0
2979,0.0,0.0
3048,0.0,0.0
3117,0.0,0.0
3186,0.0,0.0
3255,0.0,0.0
3324,0.0,0.0
3393,0.0,0.0
3462,0.0,0.0
3531,0.0,0.0
3600,0.0,0.0
3669,0.0,0.0
3738,0.0,0.0
3807,0.0,0.0
3876,0.0,0.0
3945,2.0,3.0
565,0.0,0.0
634,0.0,0.0
703,0.0,0.0
772,0.0,0.0
841,0.0,0.0
910,0.0,0.0
979,10.0,1007.0
1048,10.0,566.0
1117,11.0,1474.0
1186,12.0,2230.0
1255,12.0,2828.0
1324,12.0,3487.0
1393,12.0,2370.0
1462,10.0,523.0
1531,12.0,3967.0
1600,11.0,1152.0
1669,11.0,1503.0
1738,10.0,514.0
1807,4.0,9.0
1876,5.0,20.0
1945,4.0,8.0
2014,3.0,7.0
2083,2.0,3.0
2152,2.0,3.0
2221,0.0,0.0
2290,0.0,0.0
2359,0.0,0.0
2428,0.0,0.0
2497,0.0,0.0
2566,0.0,0.0
2635,0.0,0.0
2704,0.0,0.0
2773,0.0,0.0
2842,0.0,0.0
2911,0.0,0.0
2980,0.0,0.0
3049,0.0,0.0
3118,0.0,0.0
3187,0.0,0.0
3256,0.0,0.0
3325,0.0,0.0
3394,0.0,0.0
3463,0.0,0.0
3532,0.0,0.0
3601,0.0,0.0
3670,0.0,0.0
3739,0.0,0.0
3808,0.0,0.0
3877,0.0,0.0
3946,0.0,0.0
14,0.0,0.0
83,0.0,0.0
635,0.0,0.0
704,0.0,0.0
773,0.0,0.0
842,0.0,0.0
911,0.0,0.0
980,0.0,0.0
1049,11.0,1099.0
1118,11.0,1631.0
1187,12.0,2390.0
1256,11.0,2015.0
1325,11.0,1669.0
1394,12.0,2152.0
1463,13.0,4219.0
1532,12.0,3126.0
1601,9.0,359.0
1670,11.0,1581.0
1739,10.0,852.0
1808,9.0,477.0
1877,4.0,10.0
1946,3.0,5.0
2015,3.0,5.0
2084,2.0,3.0
2153,2.0,3.0
2222,2.0,2.0
2291,0.0,0.0
2360,0.0,0.0
2429,0.0,0.0
2498,0.0,0.0
2567,0.0,0.0
2636,0.0,0.0
2705,0.0,0.0
2774,0.0,0.0
2843,0.0,0.0
2912,0.0,0.0
2981,0.0,0.0
3050,0.0,0.0
3119,0.0,0.0
3188,0.0,0.0
3257,0.0,0.0
3326,0.0,0.0
3395,0.0,0.0
3464,0.0,0.0
3533,0.0,0.0
3602,0.0,0.0
3671,0.0,0.0
3740,0.0,0.0
3809,0.0,0.0
3878,0.0,0.0
3947,0.0,0.0
15,0.0,0.0
84,0.0,0.0
153,0.0,0.0
636,0.0,0.0
705,0.0,0.0
774,0.0,0.0
843,0.0,0.0
912,0.0,0.0
981,9.0,272.0
1050,12.0,2183.0
1119,12.0,2952.0
1188,12.0,2776.0
1257,11.0,1740.0
1326,11.0,1682.0
1395,12.0,2351.0
1464,12.0,3820.0
1533,12.0,3861.0
1602,12.0,3121.0
1671,12.0,2409.0
1740,11.0,1656.0
1809,11.0,1580.0
1878,7.0,127.0
1947,3.0,4.0
2016,3.0,5.0
2085,2.0,3.0
2154,2.0,3.0
2223,2.0,3.0
2292,0.0,0.0
2361,0.0,0.0
2430,0.0,0.0
2499,0.0,0.0
2568,0.0,0.0
2637,0.0,0.0
2706,0.0,0.0
2775,0.0,0.0
2844,0.0,0.0
2913,0.0,0.0
2982,0.0,0.0
3051,0.0,0.0
3120,0.0,0.0
3189,0.0,0.0
3258,0.0,0.0
3327,0.0,0.0
3396,0.0,0.0
3465,0.0,0.0
3534,0.0,0.0
3603,0.0,0.0
3672,0.0,0.0
3741,0.0,0.0
3810,0.0,0.0
3879,0.0,0.0
3948,0.0,0.0
16,0.0,0.0
85,0.0,0.0
154,0.0,0.0
706,0.0,0.0
775,0.0,0.0
844,0.0,0.0
913,0.0,0.0
982,8.0,156.0
1051,11.0,1336.0
1120,12.0,3082.0
1189,11.0,1742.0
1258,11.0,1688.0
1327,9.0,305.0
1396,11.0,1203.0
1465,12.0,2711.0
1534,12.0,2231.0
1603,12.0,2439.0
1672,10.0,782.0
1741,10.0,765.0
1810,11.0,1921.0
1879,7.0,66.0
1948,3.0,4.0
2017,5.0,19.0
2086,3.0,4.0
2155,2.0,3.0
2224,2.0,3.0
2293,0.0,0.0
2362,0.0,0.0
2431,0.0,0.0
2500,0.0,0.0
2569,0.0,0.0
2638,2.0,3.0
2707,1.0,1.0
2776,0.0,0.0
2845,0.0,0.0
2914,0.0,0.0
2983,0.0,0.0
3052,0.0,0.0
3121,0.0,0.0
3190,0.0,0.0
3259,0.0,0.0
3328,0.0,0.0
3397,0.0,0.0
3466,0.0,0.0
3535,0.0,0.0
3604,0.0,0.0
3673,0.0,0.0
3742,0.0,0.0
3811,0.0,0.0
3880,0.0,0.0
3949,0.0,0.0
17,0.0,0.0
86,0.0,0.0
155,0.0,0.0
224,0.0,0.0
293,0.0,0.0
707,0.0,0.0
776,0.0,0.0
845,0.0,0.0
914,0.0,0.0
983,0.0,0.0
1052,6.0,35.0
1121,8.0,241.0
1190,0.0,0.0
1259,5.0,19.0
1328,11.0,1084.0
1397,12.0,2062.0
1466,12.0,2107.0
1535,12.0,2301.0
1604,11.0,2008.0
1673,9.0,465.0
1742,10.0,728.0
1811,10.0,745.0
1880,9.0,336.0
1949,8.0,157.0
2018,8.0,139.0
2087,3.0,6.0
2156,2.0,2.0
2225,0.0,0.0
2294,0.0,0.0
2363,0.0,0.0
2432,0.0,0.0
2501,0.0,0.0
2570,0.0,0.0
2639,0.0,0.0
2708,0.0,0.0
2777,0.0,0.0
2846,0.0,0.0
2915,0.0,0.0
2984,0.0,0.0
3053,0.0,0.0
3122,0.0,0.0
3191,0.0,0.0
3260,0.0,0.0
3329,0.0,0.0
3398,0.0,0.0
3467,0.0,0.0
3536,0.0,0.0
3605,0.0,0.0
3674,0.0,0.0
3743,0.0,0.0
3812,0.0,0.0
3881,0.0,0.0
3950,0.0,0.0
18,0.0,0.0
87,0.0,0.0
156,0.0,0.0
225,0.0,0.0
294,0.0,0.0
708,0.0,0.0
777,0.0,0.0
846,0.0,0.0
915,0.0,0.0
984,0.0,0.0
1053,0.0,0.0
1122,0.0,0.0
1191,0.0,0.0
1260,0.0,0.0
1329,0.0,0.0
1398,10.0,761.0
1467,0.0,0.0
1536,11.0,1546.0
1605,12.0,2765.0
1674,9.0,496.0
1743,10.0,848.0
1812,10.0,996.0
1881,10.0,913.0
1950,7.0,93.0
2019,6.0,36.0
2088,0.0,0.0
2157,0.0,0.0
2226,0.0,0.0
2295,0.0,0.0
2364,0.0,0.0
2433,0.0,0.0
2502,0.0,0.0
2571,0.0,0.0
2640,0.0,0.0
2709,0.0,0.0
2778,0.0,0.0
2847,0.0,0.0
2916,0.0,0.0
2985,0.0,0.0
3054,0.0,0.0
3123,0.0,0.0
3192,0.0,0.0
3261,0.0,0.0
3330,0.0,0.0
3399,0.0,0.0
3468,0.0,0.0
3537,0.0,0.0
3606,0.0,0.0
3675,0.0,0.0
3744,0.0,0.0
3813,0.0,0.0
3882,0.0,0.0
3951,0.0,0.0
19,5.0,25.0
88,0.0,0.0
157,0.0,0.0
226,0.0,0.0
295,0.0,0.0
364,0.0,0.0
433,0.0,0.0
502,0.0,0.0
571,0.0,0.0
709,0.0,0.0
778,0.0,0.0
847,0.0,0.0
916,0.0,0.0
985,0.0,0.0
1054,0.0,0.0
1123,0.0,0.0
1192,0.0,0.0
1261,0.0,0.0
1330,0.0,0.0
1399,0.0,0.0
1468,0.0,0.0
1537,2.0,2.0
1606,3.0,6.0
1675,1.0,1.0
1744,1.0,1.0
1813,10.0,688.0
1882,10.0,938.0
1951,7.0,74.0
2020,6.0,34.0
2089,2.0,3.0
2158,0.0,0.0
2227,0.0,0.0
2296,0.0,0.0
2365,0.0,0.0
2434,1.0,1.0
2503,0.0,0.0
2572,0.0,0.0
2641,0.0,0.0
2710,0.0,0.0
2779,0.0,0.0
2848,0.0,0.0
2917,0.0,0.0
2986,0.0,0.0
3055,0.0,0.0
3124,0.0,0.0
3193,0.0,0.0
3262,0.0,0.0
3331,0.0,0.0
3400,0.0,0.0
3469,0.0,0.0
3538,0.0,0.0
3607,0.0,0.0
3676,0.0,0.0
3745,0.0,0.0
3814,0.0,0.0
3883,0.0,0.0
3952,0.0,0.0
20,9.0,449.0
89,6.0,43.0
158,7.0,75.0
227,7.0,75.0
296,6.0,41.0
365,0.0,0.0
434,0.0,0.0
503,0.0,0.0
572,0.0,0.0
710,0.0,0.0
779,0.0,0.0
848,0.0,0.0
1055,0.0,0.0
1124,0.0,0.0
1193,0.0,0.0
1262,0.0,0.0
1331,0.0,0.0
1400,0.0,0.0
1469,0.0,0.0
1538,0.0,0.0
1607,0.0,0.0
1676,6.0,63.0
1745,6.0,58.0
1814,11.0,1661.0
1883,9.0,395.0
1952,9.0,284.0
2021,6.0,39.0
2090,6.0,40.0
2159,4.0,11.0
2228,0.0,0.0
2297,0.0,0.0
2366,0.0,0.0
2435,0.0,0.0
2504,0.0,0.0
2573,0.0,0.0
2642,0.0,0.0
2711,0.0,0.0
2780,0.0,0.0
2849,0.0,0.0
2918,0.0,0.0
2987,0.0,0.0
3056,0.0,0.0
3125,0.0,0.0
3194,0.0,0.0
3263,0.0,0.0
3332,0.0,0.0
3401,0.0,0.0
3470,0.0,0.0
3539,0.0,0.0
3608,0.0,0.0
3677,0.0,0.0
3746,0.0,0.0
3815,0.0,0.0
3884,0.0,0.0
3953,0.0,0.0
21,12.0,2895.0
90,8.0,159.0
159,12.0,2092.0
228,11.0,1506.0
297,6.0,46.0
366,0.0,0.0
435,11.0,1743.0
504,8.0,141.0
573,8.0,191.0
642,5.0,21.0
1056,0.0,0.0
1125,0.0,0.0
1194,0.0,0.0
1263,0.0,0.0
1332,0.0,0.0
1401,0.0,0.0
1470,0.0,0.0
1539,0.0,0.0
1608,0.0,0.0
1677,2.0,3.0
1746,5.0,16.0
1815,4.0,8.0
1884,10.0,856.0
1953,8.0,148.0
2022,8.0,183.0
2091,6.0,48.0
2160,5.0,19.0
2229,2.0,2.0
2298,0.0,0.0
2367,0.0,0.0
2436,0.0,0.0
2505,0.0,0.0
2574,0.0,0.0
2643,0.0,0.0
2712,0.0,0.0
2781,0.0,0.0
2850,0.0,0.0
2919,0.0,0.0
2988,0.0,0.0
3057,0.0,0.0
3126,0.0,0.0
3195,0.0,0.0
3264,0.0,0.0
3333,0.0,0.0
3402,0.0,0.0
3471,0.0,0.0
3540,0.0,0.0
3609,0.0,0.0
3678,0.0,0.0
3747,0.0,0.0
3816,0.0,0.0
3885,0.0,0.0
3954,0.0,0.0
22,12.0,4064.0
91,13.0,4269.0
160,10.0,983.0
229,10.0,652.0
298,9.0,446.0
367,11.0,1932.0
436,12.0,3107.0
505,12.0,3821.0
574,11.0,1161.0
643,9.0,347.0
1057,0.0,0.0
1126,0.0,0.0
1195,0.0,0.0
1264,0.0,0.0
1333,0.0,0.0
1402,0.0,0.0
1471,0.0,0.0
1540,0.0,0.0
1609,0.0,0.0
1678,0.0,0.0
1747,0.0,0.0
1816,0.0,0.0
1885,11.0,1612.0
1954,9.0,371.0
2023,9.0,266.0
2092,4.0,13.0
2161,1.0,1.0
2230,2.0,3.0
2299,1.0,1.0
2368,0.0,0.0
2437,0.0,0.0
2506,0.0,0.0
2575,0.0,0.0
2644,0.0,0.0
2713,0.0,0.0
2782,0.0,0.0
2851,0.0,0.0
2920,0.0,0.0
2989,0.0,0.0
3058,0.0,0.0
3127,0.0,0.0
3196,0.0,0.0
3265,0.0,0.0
3334,0.0,0.0
3403,0.0,0.0
3472,0.0,0.0
3541,0.0,0.0
3610,0.0,0.0
3679,0.0,0.0
3748,0.0,0.0
3817,0.0,0.0
3886,0.0,0.0
3955,0.0,0.0
23,12.0,2369.0
92,9.0,481.0
161,10.0,796.0
230,10.0,750.0
299,9.0,437.0
368,12.0,2174.0
437,11.0,1964.0
506,13.0,4271.0
575,12.0,2394.0
644,9.0,338.0
713,2.0,3.0
782,0.0,0.0
1058,0.0,0.0
1127,0.0,0.0
1196,0.0,0.0
1265,0.0,0.0
1334,0.0,0.0
1403,0.0,0.0
1472,0.0,0.0
1541,0.0,0.0
1610,0.0,0.0
1679,0.0,0.0
1748,0.0,0.0
1817,0.0,0.0
1886,12.0,3093.0
1955,11.0,1967.0
2024,9.0,477.0
2093,6.0,61.0
2162,4.0,8.0
2231,3.0,4.0
2300,2.0,3.0
2369,1.0,1.0
2438,0.0,0.0
2576,0.0,0.0
2645,0.0,0.0
2714,0.0,0.0
2783,0.0,0.0
2852,0.0,0.0
2921,0.0,0.0
2990,0.0,0.0
3059,0.0,0.0
3128,0.0,0.0
3197,0.0,0.0
3266,0.0,0.0
3335,0.0,0.0
3404,0.0,0.0
3473,0.0,0.0
3542,0.0,0.0
3611,0.0,0.0
3680,0.0,0.0
3749,0.0,0.0
3818,0.0,0.0
3887,0.0,0.0
3956,0.0,0.0
24,11.0,1464.0
93,9.0,337.0
162,9.0,462.0
231,11.0,1759.0
300,11.0,1267.0
369,12.0,2141.0
438,11.0,1964.0
507,11.0,1451.0
576,12.0,3123.0
645,9.0,431.0
714,1.0,1.0
783,0.0,0.0
852,0.0,0.0
921,0.0,0.0
1128,0.0,0.0
1197,0.0,0.0
1266,0.0,0.0
1335,0.0,0.0
1404,0.0,0.0
1473,0.0,0.0
1542,0.0,0.0
1611,0.0,0.0
1680,0.0,0.0
1749,0.0,0.0
1818,1.0,1.0
1887,12.0,3198.0
1956,12.0,2183.0
2025,11.0,1520.0
2094,8.0,237.0
2163,6.0,47.0
2232,0.0,0.0
2301,3.0,7.0
2370,1.0,1.0
2439,0.0,0.0
2508,0.0,0.0
2577,0.0,0.0
2646,0.0,0.0
2715,0.0,0.0
2784,0.0,0.0
2853,0.0,0.0
2922,0.0,0.0
2991,0.0,0.0
3060,0.0,0.0
3129,0.0,0.0
3198,0.0,0.0
3267,0.0,0.0
3336,0.0,0.0
3405,0.0,0.0
3474,0.0,0.0
3543,0.0,0.0
3612,0.0,0.0
3681,0.0,0.0
3750,0.0,0.0
3819,0.0,0.0
3888,0.0,0.0
3957,0.0,0.0
25,10.0,597.0
94,9.0,281.0
163,10.0,630.0
232,11.0,1744.0
301,12.0,2305.0
370,11.0,1830.0
439,12.0,3212.0
508,11.0,1699.0
577,11.0,1991.0
646,11.0,1376.0
715,2.0,3.0
784,0.0,0.0
853,0.0,0.0
922,0.0,0.0
991,0.0,0.0
1060,0.0,0.0
1129,0.0,0.0
1198,0.0,0.0
1267,0.0,0.0
1336,0.0,0.0
1405,0.0,0.0
1474,0.0,0.0
1543,0.0,0.0
1612,0.0,0.0
1681,0.0,0.0
1750,0.0,0.0
1819,0.0,0.0
1888,11.0,1851.0
1957,12.0,2262.0
2026,12.0,2386.0
2095,11.0,1521.0
2164,4.0,13.0
2233,4.0,8.0
2302,5.0,18.0
2371,2.0,3.0
2440,2.0,3.0
2509,1.0,1.0
2578,0.0,0.0
2647,0.0,0.0
2716,0.0,0.0
2785,0.0,0.0
2854,0.0,0.0
2923,0.0,0.0
2992,0.0,0.0
3061,0.0,0.0
3130,0.0,0.0
3199,0.0,0.0
3268,0.0,0.0
3337,0.0,0.0
3406,0.0,0.0
3475,0.0,0.0
3544,0.0,0.0
3613,0.0,0.0
3682,0.0,0.0
3751,0.0,0.0
3820,0.0,0.0
3889,0.0,0.0
3958,0.0,0.0
26,9.0,262.0
95,10.0,839.0
164,11.0,1354.0
233,11.0,1415.0
302,12.0,2216.0
371,8.0,207.0
440,11.0,1061.0
509,11.0,1442.0
578,11.0,1913.0
647,11.0,2020.0
716,10.0,983.0
785,0.0,0.0
854,0.0,0.0
923,0.0,0.0
992,0.0,0.0
1061,0.0,0.0
1130,0.0,0.0
1199,0.0,0.0
1268,0.0,0.0
1337,0.0,0.0
1406,0.0,0.0
1475,0.0,0.0
1544,0.0,0.0
1613,0.0,0.0
1682,0.0,0.0
1751,0.0,0.0
1820,1.0,1.0
1889,12.0,2962.0
1958,11.0,1985.0
2027,11.0,1646.0
2096,12.0,3577.0
2165,11.0,1506.0
2234,7.0,74.0
2303,5.0,31.0
2372,3.0,4.0
2441,2.0,3.0
2510,5.0,21.0
2579,2.0,2.0
2648,2.0,2.0
2717,1.0,1.0
2786,0.0,0.0
2855,0.0,0.0
2924,0.0,0.0
2993,0.0,0.0
3062,0.0,0.0
3131,0.0,0.0
3200,0.0,0.0
3269,0.0,0.0
3338,0.0,0.0
3407,0.0,0.0
3476,0.0,0.0
3545,0.0,0.0
3614,0.0,0.0
3683,0.0,0.0
3752,0.0,0.0
3821,0.0,0.0
3890,0.0,0.0
3959,0.0,0.0
27,9.0,305.0
96,10.0,702.0
165,12.0,2119.0
234,10.0,787.0
303,10.0,1018.0
372,11.0,1889.0
441,12.0,2409.0
510,12.0,2069.0
579,12.0,2200.0
648,12.0,2103.0
717,11.0,1613.0
786,0.0,0.0
855,0.0,0.0
924,4.0,9.0
993,0.0,0.0
1062,0.0,0.0
1131,0.0,0.0
1200,0.0,0.0
1269,0.0,0.0
1338,0.0,0.0
1407,0.0,0.0
1476,0.0,0.0
1545,11.0,1375.0
1614,8.0,230.0
1683,0.0,0.0
1752,0.0,0.0
1821,2.0,3.0
1890,8.0,249.0
1959,10.0,555.0
2028,5.0,16.0
2097,12.0,3329.0
2166,12.0,2716.0
2235,11.0,1100.0
2304,4.0,11.0
2373,3.0,7.0
2442,4.0,11.0
2511,5.0,20.0
2580,5.0,26.0
2649,4.0,10.0
2718,2.0,2.0
2787,3.0,5.0
2856,0.0,0.0
2925,0.0,0.0
2994,0.0,0.0
3063,0.0,0.0
3132,0.0,0.0
3201,0.0,0.0
3270,0.0,0.0
3339,0.0,0.0
3408,0.0,0.0
3477,0.0,0.0
3546,0.0,0.0
3615,0.0,0.0
3684,0.0,0.0
3753,0.0,0.0
3822,0.0,0.0
3891,0.0,0.0
3960,0.0,0.0
28,8.0,229.0
97,9.0,258.0
166,10.0,605.0
235,8.0,145.0
304,10.0,737.0
373,12.0,3545.0
442,12.0,2609.0
511,10.0,746.0
580,12.0,3293.0
649,12.0,2210.0
718,11.0,1095.0
787,8.0,227.0
856,8.0,227.0
925,5.0,18.0
994,0.0,0.0
1063,0.0,0.0
1132,0.0,0.0
1201,0.0,0.0
1270,0.0,0.0
1339,0.0,0.0
1408,0.0,0.0
1477,0.0,0.0
1546,9.0,343.0
1615,10.0,796.0
1684,7.0,72.0
1753,8.0,181.0
1822,0.0,0.0
1891,5.0,23.0
1960,12.0,4019.0
2029,9.0,407.0
2098,12.0,2250.0
2167,12.0,2287.0
2236,12.0,2662.0
2305,6.0,53.0
2374,7.0,96.0
2443,3.0,5.0
2512,4.0,9.0
2581,4.0,9.0
2650,4.0,12.0
2719,2.0,3.0
2788,1.0,1.0
2857,0.0,0.0
2926,0.0,0.0
2995,0.0,0.0
3064,0.0,0.0
3133,0.0,0.0
3202,0.0,0.0
3271,0.0,0.0
3340,0.0,0.0
3409,0.0,0.0
3478,0.0,0.0
3547,0.0,0.0
3616,0.0,0.0
3685,0.0,0.0
3754,0.0,0.0
3823,0.0,0.0
3892,0.0,0.0
3961,0.0,0.0
29,3.0,6.0
98,3.0,6.0
167,6.0,42.0
236,7.0,125.0
305,2.0,3.0
374,10.0,515.0
443,10.0,802.0
512,7.0,82.0
581,12.0,2650.0
650,12.0,2472.0
719,12.0,2190.0
788,12.0,2397.0
857,12.0,2172.0
926,9.0,343.0
995,8.0,234.0
1064,6.0,41.0
1133,0.0,0.0
1202,0.0,0.0
1271,0.0,0.0
1340,1.0,1.0
1409,0.0,0.0
1478,0.0,0.0
1547,0.0,0.0
1616,12.0,2468.0
1685,10.0,915.0
1754,11.0,1844.0
1823,7.0,77.0
1892,6.0,43.0
1961,12.0,2647.0
2030,7.0,83.0
2099,11.0,1786.0
2168,12.0,2468.0
2237,12.0,2941.0
2306,10.0,606.0
2375,9.0,308.0
2444,8.0,201.0
2513,5.0,19.0
2582,4.0,13.0
2651,3.0,6.0
2720,2.0,3.0
2789,2.0,3.0
2858,1.0,1.0
2927,0.0,0.0
2996,0.0,0.0
3065,0.0,0.0
3134,0.0,0.0
3203,0.0,0.0
3272,0.0,0.0
3341,0.0,0.0
3410,0.0,0.0
3479,0.0,0.0
3548,0.0,0.0
3617,0.0,0.0
3686,0.0,0.0
3755,0.0,0.0
3824,0.0,0.0
3893,0.0,0.0
3962,0.0,0.0
30,3.0,6.0
99,4.0,12.0
168,9.0,485.0
237,3.0,4.0
306,2.0,2.0
375,0.0,0.0
444,6.0,44.0
513,6.0,33.0
582,11.0,1339.0
651,11.0,1727.0
720,12.0,2322.0
789,12.0,3716.0
858,12.0,2819.0
927,12.0,2726.0
996,12.0,3116.0
1065,8.0,189.0
1134,0.0,0.0
1203,9.0,318.0
1272,11.0,1726.0
1341,12.0,2764.0
1410,11.0,1548.0
1479,10.0,643.0
1548,7.0,111.0
1617,12.0,2764.0
1686,12.0,2949.0
1755,12.0,3392.0
1824,11.0,1031.0
1893,10.0,907.0
1962,12.0,2344.0
2031,8.0,134.0
2100,12.0,2509.0
2169,12.0,2097.0
2238,12.0,2840.0
2307,11.0,2007.0
2376,10.0,858.0
2445,10.0,718.0
2514,5.0,24.0
2583,7.0,78.0
2652,3.0,4.0
2721,0.0,0.0
2790,1.0,1.0
2859,1.0,1.0
2928,0.0,0.0
2997,0.0,0.0
3066,0.0,0.0
3135,0.0,0.0
3204,0.0,0.0
3273,0.0,0.0
3342,0.0,0.0
3411,0.0,0.0
3480,3.0,5.0
3549,0.0,0.0
3618,0.0,0.0
3687,0.0,0.0
3756,0.0,0.0
3825,0.0,0.0
3894,0.0,0.0
3963,0.0,0.0
31,7.0,76.0
100,7.0,121.0
169,9.0,483.0
238,3.0,4.0
307,2.0,2.0
376,7.0,87.0
445,0.0,0.0
514,7.0,75.0
583,10.0,548.0
652,11.0,1198.0
721,11.0,1536.0
790,13.0,6022.0
859,12.0,3327.0
928,11.0,1799.0
997,12.0,2924.0
1066,9.0,294.0
1135,0.0,0.0
1204,11.0,1150.0
1273,12.0,3570.0
1342,12.0,2674.0
1411,12.0,2816.0
1480,10.0,629.0
1549,5.0,17.0
1618,9.0,269.0
1687,11.0,1621.0
1756,8.0,234.0
1825,0.0,0.0
1894,0.0,0.0
1963,8.0,222.0
2032,12.0,3249.0
2101,12.0,2877.0
2170,12.0,2589.0
2239,12.0,2585.0
2308,12.0,2294.0
2377,12.0,2872.0
2446,11.0,2008.0
2515,9.0,447.0
2584,8.0,206.0
2653,4.0,13.0
2722,2.0,3.0
2791,0.0,0.0
2860,0.0,0.0
2929,0.0,0.0
2998,0.0,0.0
3067,0.0,0.0
3136,0.0,0.0
3205,0.0,0.0
3274,0.0,0.0
3343,0.0,0.0
3412,0.0,0.0
3481,0.0,0.0
3550,0.0,0.0
3619,0.0,0.0
3688,0.0,0.0
3757,0.0,0.0
3826,0.0,0.0
3895,0.0,0.0
3964,0.0,0.0
32,8.0,208.0
101,8.0,196.0
170,7.0,123.0
239,4.0,11.0
308,5.0,18.0
377,8.0,170.0
446,7.0,116.0
515,9.0,312.0
584,9.0,442.0
653,11.0,1124.0
722,11.0,1096.0
791,11.0,2009.0
860,12.0,2079.0
929,11.0,1930.0
998,11.0,1690.0
1067,13.0,4813.0
1136,11.0,1935.0
1205,12.0,2289.0
1274,11.0,1542.0
1343,0.0,0.0
1412,3.0,6.0
1481,0.0,0.0
1550,0.0,0.0
1619,0.0,0.0
1688,5.0,22.0
1757,7.0,80.0
1826,3.0,4.0
1895,0.0,0.0
1964,4.0,15.0
2033,8.0,230.0
2102,11.0,1777.0
2171,12.0,2822.0
2240,12.0,2439.0
2309,12.0,2883.0
2378,12.0,3314.0
2447,12.0,3643.0
2516,10.0,712.0
2585,9.0,331.0
2654,7.0,111.0
2723,5.0,22.0
2792,4.0,9.0
2861,0.0,0.0
2930,0.0,0.0
2999,1.0,1.0
3068,0.0,0.0
3137,0.0,0.0
3206,0.0,0.0
3275,0.0,0.0
3344,0.0,0.0
3413,3.0,5.0
3482,0.0,0.0
3551,0.0,0.0
3620,0.0,0.0
3689,0.0,0.0
3758,0.0,0.0
3827,0.0,0.0
3896,0.0,0.0
3965,0.0,0.0
33,9.0,347.0
102,9.0,290.0
171,8.0,175.0
240,6.0,49.0
309,6.0,36.0
378,8.0,206.0
447,8.0,204.0
516,8.0,237.0
585,9.0,277.0
654,9.0,407.0
723,11.0,1488.0
792,11.0,1566.0
861,11.0,1180.0
930,10.0,806.0
999,12.0,3048.0
1068,11.0,1947.0
1137,12.0,2116.0
1206,11.0,1821.0
1275,13.0,4238.0
1344,12.0,2343.0
1413,11.0,1228.0
1482,11.0,1603.0
1551,10.0,580.0
1620,1.0,1.0
1689,2.0,2.0
1758,0.0,0.0
1827,1.0,1.0
1896,4.0,11.0
1965,4.0,11.0
2034,10.0,806.0
2103,11.0,1627.0
2172,12.0,3035.0
2241,11.0,1403.0
2310,12.0,2196.0
2379,12.0,2722.0
2448,12.0,2772.0
2517,11.0,1626.0
2586,10.0,901.0
2655,8.0,187.0
2724,6.0,51.0
2793,5.0,24.0
2862,4.0,8.0
2931,0.0,0.0
3000,1.0,1.0
3069,0.0,0.0
3138,0.0,0.0
3207,0.0,0.0
3276,0.0,0.0
3345,0.0,0.0
3414,2.0,2.0
3483,0.0,0.0
3552,0.0,0.0
3621,0.0,0.0
3690,0.0,0.0
3759,0.0,0.0
3828,0.0,0.0
3897,0.0,0.0
3966,0.0,0.0
34,8.0,164.0
103,10.0,589.0
172,4.0,11.0
241,2.0,2.0
310,3.0,7.0
379,8.0,167.0
448,8.0,182.0
517,8.0,202.0
586,8.0,128.0
655,8.0,210.0
724,9.0,480.0
793,11.0,1072.0
862,11.0,1284.0
931,11.0,1150.0
1000,11.0,1456.0
1069,11.0,2031.0
1138,12.0,2113.0
1207,12.0,3289.0
1276,13.0,4273.0
1345,12.0,2660.0
1414,12.0,2883.0
1483,12.0,2323.0
1552,11.0,1835.0
1621,12.0,3855.0
1690,12.0,2057.0
1759,0.0,0.0
1828,0.0,0.0
1897,6.0,44.0
1966,9.0,461.0
2035,9.0,510.0
2104,11.0,1701.0
2173,9.0,463.0
2242,12.0,3607.0
2311,13.0,4883.0
2380,12.0,3179.0
2449,12.0,3530.0
2518,12.0,2767.0
2587,11.0,1199.0
2656,9.0,308.0
2725,6.0,44.0
2794,5.0,28.0
2863,6.0,43.0
2932,2.0,2.0
3001,0.0,0.0
3070,0.0,0.0
3139,0.0,0.0
3208,0.0,0.0
3277,0.0,0.0
3346,0.0,0.0
3415,0.0,0.0
3484,1.0,1.0
3553,1.0,1.0
3622,1.0,1.0
3691,0.0,0.0
3760,0.0,0.0
3829,0.0,0.0
3898,0.0,0.0
3967,1.0,1.0
35,6.0,40.0
104,7.0,71.0
173,6.0,40.0
242,0.0,0.0
311,1.0,1.0
380,6.0,56.0
449,7.0,78.0
518,7.0,111.0
587,9.0,263.0
656,8.0,225.0
725,9.0,263.0
794,10.0,663.0
863,11.0,1084.0
932,11.0,1223.0
1001,11.0,1287.0
1070,11.0,1675.0
1139,11.0,1601.0
1208,12.0,3481.0
1277,12.0,2408.0
1346,12.0,4088.0
1415,12.0,3073.0
1484,12.0,2923.0
1553,11.0,1625.0
1622,12.0,2687.0
1691,12.0,2975.0
1760,8.0,217.0
1829,7.0,64.0
1898,4.0,9.0
1967,11.0,1930.0
2036,12.0,2464.0
2105,12.0,3241.0
2174,12.0,2958.0
2243,12.0,2370.0
2312,13.0,4145.0
2381,12.0,3478.0
2450,12.0,3162.0
2519,13.0,4149.0
2588,12.0,3065.0
2657,11.0,1724.0
2726,6.0,47.0
2795,6.0,36.0
2864,6.0,34.0
2933,5.0,23.0
3002,2.0,3.0
3071,0.0,0.0
3140,0.0,0.0
3209,0.0,0.0
3278,0.0,0.0
3347,0.0,0.0
3416,1.0,1.0
3485,2.0,3.0
3554,2.0,3.0
3623,2.0,3.0
3692,2.0,2.0
3761,1.0,1.0
3830,1.0,1.0
3899,0.0,0.0
3968,0.0,0.0
36,6.0,35.0
105,5.0,17.0
174,8.0,129.0
243,1.0,1.0
312,3.0,6.0
381,3.0,6.0
450,1.0,1.0
519,5.0,29.0
588,5.0,27.0
657,8.0,241.0
726,9.0,318.0
795,9.0,391.0
864,11.0,1227.0
933,11.0,1127.0
1002,11.0,1423.0
1071,11.0,1645.0
1140,11.0,1431.0
1209,12.0,2445.0
1278,12.0,2050.0
1347,11.0,1256.0
1416,12.0,3963.0
1485,12.0,3092.0
1554,12.0,2646.0
1623,12.0,2212.0
1692,11.0,1865.0
1761,12.0,3786.0
1830,12.0,2577.0
1899,10.0,983.0
1968,10.0,689.0
2037,12.0,3665.0
2106,13.0,4383.0
2175,12.0,2666.0
2244,12.0,3431.0
2313,12.0,4057.0
2382,13.0,4635.0
2451,13.0,4623.0
2520,12.0,3120.0
2589,12.0,2609.0
2658,11.0,2034.0
2727,7.0,69.0
2796,7.0,72.0
2865,6.0,38.0
2934,6.0,37.0
3003,5.0,18.0
3072,1.0,1.0
3141,0.0,0.0
3210,0.0,0.0
3279,0.0,0.0
3348,0.0,0.0
3417,0.0,0.0
3486,2.0,2.0
3555,4.0,8.0
3624,2.0,2.0
3693,1.0,1.0
3762,0.0,0.0
3831,0.0,0.0
3900,0.0,0.0
3969,0.0,0.0
37,2.0,3.0
106,3.0,5.0
175,2.0,3.0
244,5.0,29.0
313,4.0,12.0
382,0.0,0.0
451,0.0,0.0
520,0.0,0.0
589,0.0,0.0
658,4.0,10.0
727,7.0,88.0
796,8.0,131.0
865,10.0,992.0
934,10.0,733.0
1003,11.0,1699.0
1072,11.0,1377.0
1141,11.0,1827.0
1210,12.0,3048.0
1279,11.0,1810.0
1348,11.0,1083.0
1417,12.0,2337.0
1486,12.0,3118.0
1555,12.0,2113.0
1624,12.0,2982.0
1693,12.0,3080.0
1762,12.0,2546.0
1831,11.0,1877.0
1900,11.0,1418.0
1969,9.0,454.0
2038,11.0,1827.0
2107,12.0,3786.0
2176,12.0,2743.0
2245,12.0,3818.0
2314,11.0,1803.0
2383,13.0,4590.0
2452,12.0,3525.0
2521,9.0,490.0
2590,9.0,455.0
2659,12.0,2209.0
2728,11.0,1024.0
2797,8.0,152.0
2866,6.0,45.0
2935,5.0,17.0
3004,5.0,16.0
3073,2.0,2.0
3142,0.0,0.0
3211,0.0,0.0
3280,0.0,0.0
3349,0.0,0.0
3418,0.0,0.0
3487,1.0,1.0
3556,4.0,10.0
3625,1.0,1.0
3694,1.0,1.0
3763,1.0,1.0
3832,0.0,0.0
3901,0.0,0.0
3970,0.0,0.0
38,2.0,2.0
107,3.0,4.0
176,5.0,19.0
245,6.0,40.0
314,5.0,22.0
383,4.0,9.0
452,0.0,0.0
521,0.0,0.0
590,0.0,0.0
659,0.0,0.0
728,0.0,0.0
797,3.0,4.0
866,1.0,1.0
935,8.0,197.0
1004,11.0,1426.0
1073,11.0,1195.0
1142,12.0,2335.0
1211,11.0,1142.0
1280,11.0,1956.0
1349,9.0,469.0
1418,12.0,2556.0
1487,11.0,1824.0
1556,12.0,2264.0
1625,11.0,2006.0
1694,11.0,1886.0
1763,11.0,1540.0
1832,12.0,2059.0
1901,11.0,1806.0
1970,11.0,1884.0
2039,10.0,997.0
2108,11.0,1827.0
2177,12.0,3563.0
2246,9.0,443.0
2315,12.0,3473.0
2384,13.0,4613.0
2453,12.0,3562.0
2522,9.0,453.0
2591,12.0,3425.0
2660,12.0,2932.0
2729,12.0,2078.0
2798,11.0,1910.0
2867,7.0,112.0
2936,4.0,14.0
3005,4.0,12.0
3074,3.0,4.0
3143,0.0,0.0
3212,0.0,0.0
3281,0.0,0.0
3350,0.0,0.0
3419,0.0,0.0
3488,1.0,1.0
3557,1.0,1.0
3626,1.0,1.0
3695,0.0,0.0
3764,0.0,0.0
3833,0.0,0.0
3902,0.0,0.0
3971,0.0,0.0
39,1.0,1.0
108,1.0,1.0
177,2.0,3.0
246,4.0,12.0
315,0.0,0.0
384,3.0,4.0
453,2.0,2.0
522,0.0,0.0
591,0.0,0.0
660,0.0,0.0
729,0.0,0.0
798,0.0,0.0
867,0.0,0.0
936,10.0,579.0
1005,11.0,1402.0
1074,11.0,1617.0
1143,9.0,495.0
1212,12.0,2734.0
1281,11.0,1883.0
1350,11.0,1916.0
1419,11.0,2014.0
1488,12.0,3153.0
1557,12.0,2290.0
1626,12.0,2752.0
1695,11.0,1071.0
1764,11.0,1356.0
1833,12.0,2789.0
1902,13.0,4106.0
1971,11.0,1294.0
2040,12.0,2447.0
2109,12.0,3457.0
2178,11.0,1771.0
2247,10.0,557.0
2316,11.0,1602.0
2385,13.0,4551.0
2454,12.0,3784.0
2523,13.0,4107.0
2592,12.0,2870.0
2661,12.0,2655.0
2730,12.0,2089.0
2799,12.0,2513.0
2868,11.0,1552.0
2937,4.0,14.0
3006,4.0,13.0
3075,4.0,8.0
3144,0.0,0.0
3213,0.0,0.0
3282,0.0,0.0
3351,0.0,0.0
3420,0.0,0.0
3489,0.0,0.0
3558,0.0,0.0
3627,0.0,0.0
3696,0.0,0.0
3765,0.0,0.0
3834,0.0,0.0
3903,0.0,0.0
3972,0.0,0.0
40,1.0,1.0
109,1.0,1.0
178,1.0,1.0
247,1.0,1.0
316,2.0,3.0
385,1.0,1.0
454,0.0,0.0
523,0.0,0.0
592,2.0,3.0
661,2.0,3.0
730,2.0,3.0
799,2.0,3.0
868,7.0,66.0
937,9.0,273.0
1006,10.0,782.0
1075,11.0,1388.0
1144,12.0,2135.0
1213,11.0,1971.0
1282,11.0,2043.0
1351,11.0,2015.0
1420,11.0,1626.0
1489,12.0,2048.0
1558,12.0,3374.0
1627,12.0,2146.0
1696,12.0,2868.0
1765,11.0,1246.0
1834,12.0,2223.0
1903,12.0,3634.0
1972,12.0,2392.0
2041,12.0,2289.0
2110,11.0,1745.0
2179,10.0,910.0
2248,9.0,504.0
2317,9.0,449.0
2386,12.0,3781.0
2455,12.0,3096.0
2524,12.0,3568.0
2593,13.0,4103.0
2662,12.0,2660.0
2731,12.0,2295.0
2800,12.0,2337.0
2869,11.0,1587.0
2938,0.0,0.0
3007,0.0,0.0
3076,0.0,0.0
3145,0.0,0.0
3214,0.0,0.0
3283,0.0,0.0
3352,0.0,0.0
3421,0.0,0.0
3490,0.0,0.0
3559,0.0,0.0
3628,0.0,0.0
3697,0.0,0.0
3766,0.0,0.0
3835,0.0,0.0
3904,0.0,0.0
3973,0.0,0.0
41,1.0,1.0
110,1.0,1.0
179,1.0,1.0
248,0.0,0.0
317,1.0,1.0
386,3.0,6.0
455,2.0,2.0
524,0.0,0.0
593,3.0,7.0
662,4.0,8.0
731,4.0,11.0
800,3.0,6.0
869,1.0,1.0
938,0.0,0.0
1007,9.0,387.0
1076,11.0,1323.0
1145,11.0,1851.0
1214,12.0,2721.0
1283,11.0,1995.0
1352,11.0,1978.0
1421,11.0,1397.0
1490,11.0,1740.0
1559,13.0,4366.0
1628,12.0,3070.0
1697,12.0,2510.0
1766,12.0,2341.0
1835,12.0,2327.0
1904,12.0,3649.0
1973,11.0,1818.0
2042,11.0,1948.0
2111,11.0,1866.0
2180,10.0,891.0
2249,10.0,935.0
2318,8.0,201.0
2387,11.0,1986.0
2456,11.0,2007.0
2525,11.0,1415.0
2594,11.0,1619.0
2663,10.0,962.0
2732,10.0,985.0
2801,10.0,735.0
2870,11.0,1626.0
2939,9.0,257.0
3008,7.0,67.0
3077,0.0,0.0
3146,0.0,0.0
3215,0.0,0.0
3284,0.0,0.0
3353,0.0,0.0
3422,0.0,0.0
3491,0.0,0.0
3560,0.0,0.0
3629,0.0,0.0
3698,0.0,0.0
3767,0.0,0.0
3836,0.0,0.0
3905,0.0,0.0
3974,0.0,0.0
42,1.0,1.0
111,2.0,3.0
180,3.0,7.0
249,2.0,3.0
318,3.0,7.0
387,3.0,7.0
456,4.0,9.0
525,3.0,4.0
594,3.0,7.0
663,4.0,8.0
732,6.0,41.0
801,6.0,44.0
870,5.0,18.0
939,0.0,0.0
1008,7.0,87.0
1077,9.0,260.0
1146,10.0,982.0
1215,12.0,2125.0
1284,11.0,1782.0
1353,11.0,2039.0
1422,11.0,1782.0
1491,11.0,1989.0
1560,12.0,2499.0
1629,12.0,2388.0
1698,13.0,5537.0
1767,11.0,1189.0
1836,12.0,2531.0
1905,11.0,1692.0
1974,11.0,1480.0
2043,11.0,1250.0
2112,11.0,1662.0
2181,11.0,1032.0
2250,11.0,1687.0
2319,9.0,488.0
2388,12.0,3147.0
2457,13.0,4966.0
2526,12.0,2621.0
2595,10.0,648.0
2664,10.0,527.0
2733,10.0,606.0
2802,10.0,673.0
2871,10.0,840.0
2940,10.0,546.0
3009,10.0,750.0
3078,9.0,284.0
3147,6.0,44.0
3216,0.0,0.0
3285,0.0,0.0
3354,0.0,0.0
3423,0.0,0.0
3492,0.0,0.0
3561,0.0,0.0
3630,0.0,0.0
3699,0.0,0.0
3768,0.0,0.0
3837,0.0,0.0
3906,0.0,0.0
3975,0.0,0.0
43,4.0,13.0
112,4.0,8.0
181,4.0,13.0
250,3.0,7.0
319,3.0,4.0
388,2.0,3.0
457,6.0,41.0
526,4.0,8.0
595,3.0,6.0
664,3.0,7.0
733,3.0,7.0
802,5.0,25.0
871,4.0,14.0
940,3.0,4.0
1009,6.0,33.0
1078,7.0,96.0
1147,8.0,233.0
1216,11.0,1289.0
1285,11.0,1083.0
1354,11.0,1278.0
1423,11.0,1029.0
1492,12.0,2086.0
1561,12.0,2313.0
1630,11.0,1996.0
1699,12.0,2693.0
1768,12.0,2833.0
1837,12.0,2584.0
1906,11.0,1836.0
1975,11.0,1935.0
2044,11.0,1731.0
2113,11.0,1507.0
2182,12.0,3270.0
2251,11.0,1956.0
2320,12.0,2557.0
2389,13.0,4868.0
2458,12.0,3370.0
2527,12.0,3290.0
2596,9.0,490.0
2665,6.0,56.0
2734,8.0,184.0
2803,10.0,658.0
2872,10.0,882.0
2941,10.0,861.0
3010,9.0,346.0
3079,6.0,41.0
3148,0.0,0.0
3217,0.0,0.0
3286,0.0,0.0
3355,0.0,0.0
3424,0.0,0.0
3493,0.0,0.0
3562,0.0,0.0
3631,0.0,0.0
3700,0.0,0.0
3769,0.0,0.0
3838,0.0,0.0
3907,0.0,0.0
3976,0.0,0.0
44,3.0,7.0
113,3.0,6.0
182,4.0,8.0
251,2.0,3.0
320,2.0,2.0
389,2.0,3.0
458,4.0,9.0
527,3.0,7.0
596,3.0,6.0
665,3.0,4.0
734,3.0,5.0
803,4.0,9.0
872,4.0,9.0
941,4.0,9.0
1010,5.0,29.0
1079,7.0,67.0
1148,9.0,271.0
1217,11.0,1168.0
1286,11.0,1115.0
1355,10.0,732.0
1424,11.0,1126.0
1493,11.0,1422.0
1562,11.0,1726.0
1631,12.0,2884.0
1700,10.0,652.0
1769,12.0,2579.0
1838,11.0,1870.0
1907,11.0,1931.0
1976,11.0,1961.0
2045,12.0,2191.0
2114,11.0,2045.0
2183,11.0,1670.0
2252,11.0,1645.0
2321,12.0,2209.0
2390,12.0,3688.0
2459,12.0,2372.0
2528,12.0,2562.0
2597,12.0,2555.0
2666,10.0,627.0
2735,6.0,32.0
2804,9.0,375.0
2873,9.0,367.0
2942,8.0,179.0
3011,9.0,503.0
3080,6.0,40.0
3149,0.0,0.0
3218,0.0,0.0
3287,0.0,0.0
3356,0.0,0.0
3425,0.0,0.0
3494,0.0,0.0
3563,0.0,0.0
3632,0.0,0.0
3701,0.0,0.0
3770,0.0,0.0
3839,0.0,0.0
3908,0.0,0.0
3977,0.0,0.0
45,3.0,4.0
114,3.0,5.0
183,3.0,5.0
252,3.0,4.0
321,2.0,2.0
390,0.0,0.0
459,2.0,2.0
528,2.0,3.0
597,2.0,3.0
666,5.0,18.0
735,4.0,10.0
804,4.0,8.0
873,3.0,6.0
942,3.0,5.0
1011,5.0,31.0
1080,8.0,238.0
1149,9.0,320.0
1218,10.0,979.0
1287,10.0,516.0
1356,8.0,151.0
1425,9.0,435.0
1494,11.0,1249.0
1563,11.0,1429.0
1632,11.0,1433.0
1701,9.0,354.0
1770,11.0,1632.0
1839,11.0,1346.0
1908,11.0,1736.0
1977,12.0,2223.0
2046,12.0,2175.0
2115,12.0,2577.0
2184,11.0,1993.0
2253,12.0,2408.0
2322,11.0,1760.0
2391,9.0,426.0
2460,11.0,1889.0
2529,12.0,2440.0
2598,13.0,4405.0
2667,11.0,1473.0
2736,2.0,3.0
2805,3.0,5.0
2874,5.0,24.0
2943,3.0,5.0
3012,0.0,0.0
3081,3.0,6.0
3150,0.0,0.0
3219,0.0,0.0
3288,0.0,0.0
3357,0.0,0.0
3426,0.0,0.0
3495,0.0,0.0
3564,0.0,0.0
3633,0.0,0.0
3702,0.0,0.0
3771,0.0,0.0
3840,0.0,0.0
3909,0.0,0.0
3978,0.0,0.0
46,3.0,4.0
115,3.0,7.0
184,5.0,23.0
253,0.0,0.0
322,0.0,0.0
391,0.0,0.0
460,1.0,1.0
529,0.0,0.0
598,1.0,1.0
667,3.0,6.0
736,3.0,6.0
805,3.0,5.0
874,4.0,9.0
943,3.0,6.0
1012,2.0,3.0
1081,8.0,182.0
1150,8.0,228.0
1219,10.0,713.0
1288,9.0,485.0
1357,9.0,504.0
1426,9.0,477.0
1495,10.0,801.0
1564,8.0,218.0
1633,10.0,815.0
1702,10.0,647.0
1771,11.0,1626.0
1840,11.0,1523.0
1909,11.0,1583.0
1978,12.0,2320.0
2047,11.0,2009.0
2116,12.0,2156.0
2185,11.0,1870.0
2254,11.0,1401.0
2323,11.0,1569.0
2392,12.0,2706.0
2461,12.0,3406.0
2530,12.0,3737.0
2599,11.0,1607.0
2668,11.0,1534.0
2737,10.0,656.0
2806,5.0,23.0
2875,7.0,100.0
2944,7.0,108.0
3013,5.0,26.0
3082,0.0,0.0
3151,0.0,0.0
3220,0.0,0.0
3289,0.0,0.0
3358,0.0,0.0
3427,0.0,0.0
3496,0.0,0.0
3565,0.0,0.0
3634,0.0,0.0
3703,0.0,0.0
3772,0.0,0.0
3841,0.0,0.0
3910,0.0,0.0
3979,0.0,0.0
47,0.0,0.0
116,1.0,1.0
185,2.0,2.0
254,0.0,0.0
323,0.0,0.0
392,0.0,0.0
461,4.0,15.0
530,2.0,2.0
599,2.0,3.0
668,3.0,6.0
737,3.0,6.0
806,3.0,5.0
875,3.0,5.0
944,4.0,10.0
1013,3.0,5.0
1082,4.0,10.0
1151,7.0,72.0
1220,8.0,181.0
1289,9.0,349.0
1358,9.0,387.0
1427,9.0,392.0
1496,9.0,434.0
1565,10.0,683.0
1634,10.0,869.0
1703,11.0,1621.0
1772,11.0,1743.0
1841,12.0,2067.0
1910,11.0,1675.0
1979,11.0,2014.0
2048,12.0,2173.0
2117,12.0,2097.0
2186,11.0,1155.0
2255,12.0,2200.0
2324,12.0,3139.0
2393,12.0,2137.0
2462,12.0,2049.0
2531,12.0,2141.0
2600,11.0,1519.0
2669,5.0,22.0
2738,11.0,1028.0
2807,8.0,202.0
2876,11.0,1062.0
2945,7.0,108.0
3014,7.0,105.0
3083,6.0,37.0
3152,0.0,0.0
3221,2.0,3.0
3290,2.0,2.0
3359,3.0,7.0
3428,1.0,1.0
3497,0.0,0.0
3566,0.0,0.0
3635,0.0,0.0
3704,0.0,0.0
3773,0.0,0.0
3842,0.0,0.0
3911,0.0,0.0
3980,0.0,0.0
48,0.0,0.0
117,0.0,0.0
186,0.0,0.0
255,0.0,0.0
324,0.0,0.0
393,0.0,0.0
462,2.0,2.0
531,3.0,4.0
600,2.0,3.0
669,3.0,6.0
738,3.0,6.0
807,3.0,5.0
876,3.0,5.0
945,3.0,5.0
1014,3.0,5.0
1083,3.0,5.0
1152,6.0,49.0
1221,6.0,35.0
1290,7.0,115.0
1359,8.0,178.0
1428,9.0,334.0
1497,10.0,619.0
1566,11.0,1248.0
1635,11.0,1339.0
1704,11.0,1586.0
1773,11.0,1041.0
1842,11.0,1220.0
1911,11.0,1452.0
1980,12.0,2779.0
2049,11.0,1704.0
2118,11.0,1339.0
2187,10.0,1020.0
2256,11.0,1067.0
2325,11.0,1351.0
2394,11.0,1784.0
2463,11.0,1583.0
2532,12.0,2163.0
2601,12.0,2621.0
2670,11.0,1529.0
2739,9.0,282.0
2808,12.0,2096.0
2877,11.0,1087.0
2946,9.0,371.0
3015,7.0,83.0
3084,5.0,28.0
3153,2.0,2.0
3222,2.0,3.0
3291,2.0,3.0
3360,3.0,7.0
3429,3.0,5.0
3498,0.0,0.0
3567,0.0,0.0
3636,0.0,0.0
3705,0.0,0.0
3774,0.0,0.0
3843,0.0,0.0
3912,0.0,0.0
3981,0.0,0.0
49,0.0,0.0
118,0.0,0.0
187,0.0,0.0
256,0.0,0.0
325,0.0,0.0
394,0.0,0.0
463,1.0,1.0
532,1.0,1.0
601,1.0,1.0
670,3.0,6.0
739,3.0,6.0
808,3.0,6.0
877,3.0,5.0
946,3.0,5.0
1015,3.0,5.0
1084,3.0,5.0
1153,3.0,6.0
1222,5.0,30.0
1291,5.0,31.0
1360,7.0,97.0
1429,10.0,546.0
1498,11.0,1293.0
1567,11.0,1655.0
1636,11.0,1215.0
1705,10.0,961.0
1774,8.0,239.0
1843,8.0,138.0
1912,9.0,275.0
1981,11.0,1645.0
2050,11.0,1508.0
2119,11.0,1628.0
2188,11.0,1432.0
2257,11.0,1039.0
2326,9.0,360.0
2395,10.0,997.0
2464,11.0,1391.0
2533,11.0,1127.0
2602,12.0,2190.0
2671,12.0,2070.0
2740,11.0,1901.0
2809,11.0,1547.0
2878,12.0,2123.0
2947,9.0,396.0
3016,0.0,0.0
3085,0.0,0.0
3154,0.0,0.0
3223,2.0,2.0
3292,2.0,2.0
3361,1.0,1.0
3430,0.0,0.0
3499,0.0,0.0
3568,0.0,0.0
3637,0.0,0.0
3706,0.0,0.0
3775,0.0,0.0
3844,0.0,0.0
3913,0.0,0.0
3982,0.0,0.0
50,0.0,0.0
119,0.0,0.0
188,0.0,0.0
257,0.0,0.0
326,0.0,0.0
395,0.0,0.0
464,1.0,1.0
533,2.0,2.0
602,1.0,1.0
671,3.0,6.0
740,3.0,6.0
809,3.0,5.0
878,2.0,2.0
947,3.0,6.0
1016,3.0,5.0
1085,3.0,5.0
1154,3.0,5.0
1223,4.0,12.0
1292,4.0,11.0
1361,5.0,17.0
1430,8.0,148.0
1499,10.0,599.0
1568,10.0,706.0
1637,10.0,756.0
1706,9.0,339.0
1775,8.0,172.0
1844,7.0,72.0
1913,7.0,120.0
1982,7.0,119.0
2051,10.0,694.0
2120,11.0,1053.0
2189,11.0,1390.0
2258,11.0,1845.0
2327,11.0,1155.0
2396,8.0,199.0
2465,7.0,92.0
2534,6.0,56.0
2603,6.0,58.0
2672,5.0,16.0
2741,10.0,712.0
2810,11.0,1333.0
2879,11.0,1256.0
2948,4.0,11.0
3017,4.0,12.0
3086,0.0,0.0
3155,0.0,0.0
3224,2.0,2.0
3293,2.0,2.0
3362,2.0,2.0
3431,0.0,0.0
3500,0.0,0.0
3569,0.0,0.0
3638,0.0,0.0
3707,0.0,0.0
3776,0.0,0.0
3845,0.0,0.0
3914,0.0,0.0
3983,0.0,0.0
51,0.0,0.0
120,0.0,0.0
189,0.0,0.0
258,0.0,0.0
327,0.0,0.0
396,4.0,9.0
465,2.0,3.0
534,3.0,4.0
603,4.0,12.0
672,2.0,3.0
741,3.0,4.0
810,3.0,6.0
879,2.0,2.0
948,4.0,10.0
1017,5.0,24.0
1086,4.0,14.0
1155,3.0,5.0
1224,1.0,1.0
1293,6.0,33.0
1362,6.0,32.0
1431,3.0,7.0
1500,8.0,191.0
1569,9.0,268.0
1638,8.0,167.0
1707,7.0,92.0
1776,5.0,19.0
1845,5.0,23.0
1914,6.0,49.0
1983,7.0,67.0
2052,7.0,119.0
2121,6.0,62.0
2190,10.0,845.0
2259,11.0,1157.0
2328,11.0,1517.0
2397,11.0,1115.0
2466,10.0,686.0
2535,6.0,59.0
2604,4.0,8.0
2673,4.0,14.0
2742,5.0,22.0
2811,0.0,0.0
2880,5.0,16.0
2949,0.0,0.0
3018,6.0,33.0
3087,3.0,7.0
3156,3.0,4.0
3225,0.0,0.0
3294,1.0,1.0
3363,2.0,2.0
3432,2.0,2.0
3501,0.0,0.0
3570,0.0,0.0
3639,0.0,0.0
3708,0.0,0.0
3777,0.0,0.0
3846,0.0,0.0
3915,0.0,0.0
3984,0.0,0.0
52,0.0,0.0
121,0.0,0.0
190,0.0,0.0
259,2.0,2.0
328,2.0,2.0
397,2.0,2.0
466,3.0,4.0
535,5.0,16.0
604,5.0,27.0
673,4.0,8.0
742,3.0,7.0
811,3.0,6.0
880,3.0,5.0
949,5.0,25.0
1018,5.0,27.0
1087,5.0,26.0
1156,4.0,10.0
1225,5.0,31.0
1294,6.0,39.0
1363,6.0,39.0
1432,5.0,18.0
1501,6.0,39.0
1570,5.0,17.0
1639,4.0,12.0
1708,4.0,12.0
1777,5.0,17.0
1846,4.0,15.0
1915,3.0,6.0
1984,0.0,0.0
2053,1.0,1.0
2122,0.0,0.0
2191,9.0,362.0
2260,10.0,517.0
2329,11.0,1242.0
2398,11.0,1476.0
2467,11.0,1215.0
2536,6.0,40.0
2605,5.0,27.0
2674,4.0,14.0
2743,4.0,12.0
2812,0.0,0.0
2881,0.0,0.0
2950,0.0,0.0
3019,4.0,10.0
3088,6.0,32.0
3157,5.0,31.0
3226,0.0,0.0
3295,0.0,0.0
3364,0.0,0.0
3433,0.0,0.0
3502,0.0,0.0
3571,0.0,0.0
3640,0.0,0.0
3709,0.0,0.0
3778,0.0,0.0
3847,0.0,0.0
3916,0.0,0.0
3985,0.0,0.0
53,0.0,0.0
122,0.0,0.0
191,0.0,0.0
260,6.0,32.0
329,5.0,23.0
398,5.0,18.0
467,5.0,19.0
536,6.0,44.0
605,5.0,25.0
674,4.0,14.0
743,3.0,7.0
812,3.0,7.0
881,4.0,12.0
950,5.0,19.0
1019,5.0,27.0
1088,5.0,27.0
1157,5.0,27.0
1226,6.0,45.0
1295,6.0,52.0
1364,7.0,66.0
1433,6.0,32.0
1502,0.0,0.0
1571,2.0,3.0
1640,2.0,3.0
1709,3.0,6.0
1778,3.0,7.0
1847,3.0,6.0
1916,0.0,0.0
1985,0.0,0.0
2054,1.0,1.0
2123,2.0,2.0
2192,1.0,1.0
2261,4.0,12.0
2330,9.0,348.0
2399,10.0,591.0
2468,10.0,762.0
2537,7.0,125.0
2606,7.0,84.0
2675,6.0,46.0
2744,5.0,19.0
2813,4.0,9.0
2882,0.0,0.0
2951,0.0,0.0
3020,1.0,1.0
3089,4.0,8.0
3158,6.0,58.0
3227,6.0,35.0
3296,0.0,0.0
3365,0.0,0.0
3434,0.0,0.0
3503,0.0,0.0
3572,0.0,0.0
3641,0.0,0.0
3710,0.0,0.0
3779,0.0,0.0
3848,0.0,0.0
3917,0.0,0.0
3986,0.0,0.0
54,0.0,0.0
123,0.0,0.0
192,0.0,0.0
261,5.0,19.0
330,6.0,36.0
399,6.0,41.0
468,6.0,42.0
537,7.0,114.0
606,6.0,34.0
675,4.0,9.0
744,4.0,9.0
813,3.0,7.0
882,5.0,17.0
951,4.0,14.0
1020,6.0,33.0
1089,5.0,24.0
1158,5.0,27.0
1227,7.0,72.0
1296,6.0,39.0
1365,5.0,29.0
1434,6.0,32.0
1503,0.0,0.0
1572,2.0,3.0
1641,2.0,3.0
1710,2.0,3.0
1779,2.0,3.0
1848,2.0,2.0
1917,0.0,0.0
1986,0.0,0.0
2055,0.0,0.0
2124,1.0,1.0
2193,0.0,0.0
2262,3.0,7.0
2331,5.0,24.0
2400,4.0,10.0
2469,4.0,15.0
2538,8.0,152.0
2607,2.0,3.0
2676,2.0,3.0
2745,0.0,0.0
2814,0.0,0.0
2883,1.0,1.0
2952,0.0,0.0
3021,0.0,0.0
3090,3.0,4.0
3159,6.0,46.0
3228,7.0,100.0
3297,7.0,114.0
3366,1.0,1.0
3435,0.0,0.0
3504,0.0,0.0
3573,0.0,0.0
3642,0.0,0.0
3711,0.0,0.0
3780,0.0,0.0
3849,0.0,0.0
3918,0.0,0.0
3987,0.0,0.0
55,0.0,0.0
124,1.0,1.0
193,3.0,5.0
262,5.0,25.0
331,6.0,41.0
400,6.0,43.0
469,6.0,44.0
538,6.0,50.0
607,6.0,56.0
676,4.0,13.0
745,3.0,7.0
814,3.0,7.0
883,5.0,18.0
952,4.0,15.0
1021,4.0,9.0
1090,3.0,7.0
1159,5.0,18.0
1228,6.0,38.0
1297,4.0,8.0
1366,3.0,7.0
1435,6.0,43.0
1504,5.0,27.0
1573,3.0,7.0
1642,3.0,6.0
1711,3.0,6.0
1780,3.0,6.0
1849,3.0,4.0
1918,2.0,3.0
1987,1.0,1.0
2056,0.0,0.0
2125,0.0,0.0
2194,0.0,0.0
2263,0.0,0.0
2332,2.0,3.0
2401,2.0,2.0
2470,4.0,11.0
2539,7.0,78.0
2608,1.0,1.0
2677,1.0,1.0
2746,0.0,0.0
2815,0.0,0.0
2884,0.0,0.0
2953,0.0,0.0
3022,0.0,0.0
3091,3.0,6.0
3160,6.0,58.0
3229,7.0,106.0
3298,7.0,93.0
3367,5.0,20.0
3436,3.0,4.0
3505,0.0,0.0
3574,3.0,4.0
3643,0.0,0.0
3712,0.0,0.0
3781,0.0,0.0
3850,0.0,0.0
3919,0.0,0.0
3988,0.0,0.0
56,0.0,0.0
125,2.0,3.0
194,3.0,5.0
263,5.0,23.0
332,6.0,63.0
401,6.0,54.0
470,7.0,81.0
539,8.0,142.0
608,7.0,79.0
677,5.0,16.0
746,3.0,7.0
815,3.0,7.0
884,5.0,18.0
953,5.0,17.0
1022,5.0,19.0
1091,4.0,12.0
1160,4.0,8.0
1229,5.0,19.0
1298,5.0,28.0
1367,6.0,36.0
1436,6.0,36.0
1505,8.0,230.0
1574,9.0,332.0
1643,6.0,63.0
1712,4.0,14.0
1781,3.0,7.0
1850,3.0,5.0
1919,1.0,1.0
1988,0.0,0.0
2057,0.0,0.0
2126,0.0,0.0
2195,0.0,0.0
2264,1.0,1.0
2333,0.0,0.0
2402,2.0,2.0
2471,0.0,0.0
2540,0.0,0.0
2609,0.0,0.0
2678,0.0,0.0
2747,0.0,0.0
2816,1.0,1.0
2885,0.0,0.0
2954,3.0,5.0
3023,1.0,1.0
3092,3.0,7.0
3161,3.0,7.0
3230,6.0,34.0
3299,7.0,109.0
3368,7.0,110.0
3437,7.0,78.0
3506,6.0,62.0
3575,9.0,272.0
3644,8.0,186.0
3713,7.0,67.0
3782,7.0,90.0
3851,2.0,3.0
3920,0.0,0.0
3989,0.0,0.0
57,0.0,0.0
126,2.0,3.0
195,4.0,13.0
264,5.0,27.0
333,6.0,40.0
402,6.0,44.0
471,6.0,50.0
540,6.0,43.0
609,7.0,118.0
678,5.0,22.0
747,4.0,11.0
816,5.0,16.0
885,5.0,20.0
954,5.0,28.0
1023,4.0,11.0
1092,4.0,9.0
1161,4.0,10.0
1230,4.0,10.0
1299,5.0,21.0
1368,6.0,38.0
1437,8.0,213.0
1506,9.0,372.0
1575,8.0,186.0
1644,6.0,54.0
1713,4.0,8.0
1782,3.0,4.0
1851,0.0,0.0
1920,0.0,0.0
1989,0.0,0.0
2058,0.0,0.0
2127,0.0,0.0
2196,1.0,1.0
2265,1.0,1.0
2334,1.0,1.0
2403,2.0,2.0
2472,0.0,0.0
2541,0.0,0.0
2610,0.0,0.0
2679,0.0,0.0
2748,0.0,0.0
2817,1.0,1.0
2886,3.0,4.0
2955,6.0,39.0
3024,3.0,6.0
3093,3.0,7.0
3162,3.0,7.0
3231,3.0,7.0
3300,4.0,9.0
3369,7.0,68.0
3438,11.0,1114.0
3507,7.0,92.0
3576,7.0,85.0
3645,8.0,231.0
3714,8.0,151.0
3783,8.0,240.0
3852,9.0,459.0
3921,8.0,154.0
3990,3.0,4.0
58,0.0,0.0
127,0.0,0.0
196,5.0,19.0
265,5.0,30.0
334,5.0,29.0
403,3.0,6.0
472,7.0,89.0
541,7.0,93.0
610,8.0,163.0
679,7.0,116.0
748,7.0,104.0
817,7.0,70.0
886,6.0,44.0
955,4.0,11.0
1024,4.0,11.0
1093,4.0,9.0
1162,4.0,10.0
1231,4.0,10.0
1300,5.0,23.0
1369,6.0,42.0
1438,7.0,82.0
1507,7.0,95.0
1576,8.0,154.0
1645,6.0,44.0
1714,5.0,16.0
1783,2.0,3.0
1852,0.0,0.0
1921,0.0,0.0
1990,0.0,0.0
2059,0.0,0.0
2128,1.0,1.0
2197,1.0,1.0
2266,1.0,1.0
2335,1.0,1.0
2404,1.0,1.0
2473,1.0,1.0
2542,0.0,0.0
2611,0.0,0.0
2680,0.0,0.0
2749,0.0,0.0
2818,2.0,2.0
2887,2.0,3.0
2956,4.0,14.0
3025,3.0,5.0
3094,3.0,7.0
3163,3.0,7.0
3232,3.0,7.0
3301,4.0,10.0
3370,4.0,14.0
3439,9.0,453.0
3508,10.0,665.0
3577,6.0,50.0
3646,7.0,123.0
3715,9.0,275.0
3784,9.0,310.0
3853,9.0,331.0
3922,10.0,574.0
3991,3.0,6.0
59,1.0,1.0
128,0.0,0.0
197,0.0,0.0
266,0.0,0.0
335,1.0,1.0
404,5.0,17.0
473,7.0,110.0
542,8.0,143.0
611,8.0,183.0
680,7.0,104.0
749,7.0,104.0
818,7.0,105.0
887,6.0,36.0
956,3.0,6.0
1025,4.0,9.0
1094,3.0,7.0
1163,4.0,9.0
1232,3.0,7.0
1301,5.0,20.0
1370,6.0,40.0
1439,7.0,69.0
1508,7.0,73.0
1577,7.0,72.0
1646,6.0,55.0
1715,6.0,43.0
1784,4.0,12.0
1853,0.0,0.0
1922,0.0,0.0
1991,0.0,0.0
2060,0.0,0.0
2129,0.0,0.0
2198,1.0,1.0
2267,1.0,1.0
2336,1.0,1.0
2405,1.0,1.0
2474,1.0,1.0
2543,1.0,1.0
2612,0.0,0.0
2681,0.0,0.0
2750,0.0,0.0
2819,1.0,1.0
2888,1.0,1.0
2957,1.0,1.0
3026,3.0,5.0
3095,3.0,7.0
3164,3.0,7.0
3233,3.0,7.0
3302,4.0,14.0
3371,7.0,108.0
3440,10.0,820.0
3509,11.0,1739.0
3578,10.0,741.0
3647,10.0,646.0
3716,10.0,812.0
3785,11.0,1419.0
3854,10.0,745.0
3923,10.0,535.0
3992,4.0,10.0
60,0.0,0.0
129,0.0,0.0
198,0.0,0.0
267,0.0,0.0
336,0.0,0.0
405,2.0,3.0
474,6.0,49.0
543,6.0,45.0
612,7.0,104.0
681,9.0,303.0
750,8.0,195.0
819,7.0,120.0
888,2.0,3.0
957,2.0,3.0
1026,2.0,3.0
1095,3.0,6.0
1164,3.0,4.0
1233,2.0,2.0
1302,4.0,14.0
1371,6.0,48.0
1440,6.0,58.0
1509,6.0,44.0
1578,6.0,57.0
1647,8.0,133.0
1716,8.0,131.0
1785,6.0,54.0
1854,4.0,8.0
1923,1.0,1.0
1992,0.0,0.0
2061,0.0,0.0
2130,0.0,0.0
2199,0.0,0.0
2268,1.0,1.0
2337,1.0,1.0
2406,1.0,1.0
2475,1.0,1.0
2544,1.0,1.0
2613,1.0,1.0
2682,2.0,2.0
2751,1.0,1.0
2820,1.0,1.0
2889,1.0,1.0
2958,1.0,1.0
3027,3.0,4.0
3096,4.0,8.0
3165,3.0,5.0
3234,4.0,9.0
3303,5.0,25.0
3372,8.0,150.0
3441,9.0,282.0
3510,11.0,1426.0
3579,11.0,1173.0
3648,11.0,1165.0
3717,8.0,145.0
3786,7.0,123.0
3855,8.0,139.0
3924,7.0,72.0
3993,4.0,8.0
61,0.0,0.0
130,0.0,0.0
199,0.0,0.0
268,0.0,0.0
337,0.0,0.0
406,0.0,0.0
475,6.0,35.0
544,6.0,38.0
613,6.0,37.0
682,10.0,558.0
751,8.0,229.0
820,7.0,114.0
889,2.0,3.0
958,2.0,3.0
1027,2.0,3.0
1096,4.0,15.0
1165,4.0,8.0
1234,4.0,10.0
1303,4.0,10.0
1372,6.0,55.0
1441,6.0,54.0
1510,6.0,55.0
1579,7.0,79.0
1648,7.0,82.0
1717,8.0,176.0
1786,7.0,89.0
1855,6.0,52.0
1924,6.0,32.0
1993,4.0,9.0
2062,3.0,6.0
2131,1.0,1.0
2200,0.0,0.0
2269,1.0,1.0
2338,1.0,1.0
2407,1.0,1.0
2476,1.0,1.0
2545,1.0,1.0
2614,1.0,1.0
2683,1.0,1.0
2752,1.0,1.0
2821,1.0,1.0
2890,1.0,1.0
2959,1.0,1.0
3028,4.0,9.0
3097,5.0,24.0
3166,5.0,22.0
3235,4.0,9.0
3304,6.0,34.0
3373,8.0,133.0
3442,8.0,211.0
3511,11.0,1073.0
3580,11.0,1935.0
3649,10.0,667.0
3718,9.0,422.0
3787,7.0,73.0
3856,8.0,165.0
3925,7.0,79.0
3994,3.0,5.0
62,0.0,0.0
131,0.0,0.0
200,0.0,0.0
269,0.0,0.0
338,0.0,0.0
407,0.0,0.0
476,6.0,48.0
545,7.0,65.0
614,6.0,46.0
683,8.0,147.0
752,8.0,255.0
821,7.0,110.0
890,5.0,24.0
959,4.0,13.0
1028,4.0,11.0
1097,4.0,15.0
1166,7.0,113.0
1235,6.0,40.0
1304,5.0,25.0
1373,5.0,22.0
1442,6.0,39.0
1511,7.0,96.0
1580,7.0,74.0
1649,5.0,31.0
1718,7.0,105.0
1787,7.0,100.0
1856,7.0,74.0
1925,7.0,78.0
1994,6.0,48.0
2063,5.0,23.0
2132,4.0,12.0
2201,3.0,6.0
2270,0.0,0.0
2339,0.0,0.0
2408,0.0,0.0
2477,1.0,1.0
2546,1.0,1.0
2615,1.0,1.0
2684,1.0,1.0
2753,1.0,1.0
2822,3.0,4.0
2891,3.0,5.0
2960,2.0,2.0
3029,5.0,28.0
3098,4.0,15.0
3167,5.0,25.0
3236,5.0,25.0
3305,5.0,24.0
3374,7.0,64.0
3443,6.0,52.0
3512,6.0,51.0
3581,8.0,155.0
3650,9.0,276.0
3719,7.0,114.0
3788,7.0,126.0
3857,8.0,155.0
3926,8.0,161.0
3995,4.0,11.0
132,2.0,2.0
201,0.0,0.0
270,0.0,0.0
339,0.0,0.0
408,0.0,0.0
477,0.0,0.0
546,5.0,26.0
615,6.0,45.0
684,6.0,60.0
753,8.0,151.0
822,9.0,301.0
891,7.0,94.0
960,5.0,19.0
1029,4.0,13.0
1098,9.0,386.0
1167,8.0,234.0
1236,6.0,58.0
1305,5.0,18.0
1374,5.0,18.0
1443,5.0,19.0
1512,6.0,53.0
1581,6.0,51.0
1650,4.0,11.0
1719,6.0,41.0
1788,7.0,66.0
1857,7.0,77.0
1926,6.0,49.0
1995,6.0,32.0
2064,6.0,60.0
2133,6.0,38.0
2202,5.0,21.0
2271,4.0,15.0
2340,0.0,0.0
2409,1.0,1.0
2478,4.0,10.0
2547,4.0,8.0
2616,3.0,6.0
2685,2.0,2.0
2754,1.0,1.0
2823,2.0,3.0
2892,3.0,5.0
2961,3.0,5.0
3030,5.0,16.0
3099,6.0,41.0
3168,5.0,20.0
3237,5.0,25.0
3306,5.0,25.0
3375,5.0,27.0
3444,6.0,50.0
3513,7.0,90.0
3582,9.0,487.0
3651,10.0,975.0
3720,9.0,290.0
3789,8.0,211.0
3858,8.0,135.0
3927,8.0,178.0
3996,8.0,184.0
133,3.0,5.0
202,1.0,1.0
271,1.0,1.0
340,0.0,0.0
409,0.0,0.0
478,0.0,0.0
547,7.0,97.0
616,7.0,111.0
685,6.0,46.0
754,7.0,76.0
823,7.0,83.0
892,8.0,203.0
961,8.0,187.0
1030,7.0,80.0
1099,8.0,193.0
1168,7.0,116.0
1237,6.0,58.0
1306,6.0,34.0
1375,5.0,28.0
1444,6.0,38.0
1513,7.0,77.0
1582,6.0,44.0
1651,4.0,11.0
1720,6.0,41.0
1789,5.0,29.0
1858,5.0,27.0
1927,5.0,26.0
1996,5.0,27.0
2065,5.0,25.0
2134,5.0,22.0
2203,5.0,18.0
2272,4.0,9.0
2341,3.0,7.0
2410,3.0,5.0
2479,2.0,3.0
2548,3.0,4.0
2617,3.0,4.0
2686,3.0,5.0
2755,3.0,4.0
2824,3.0,4.0
2893,3.0,5.0
2962,3.0,5.0
3031,4.0,8.0
3100,2.0,3.0
3169,4.0,11.0
3238,5.0,25.0
3307,5.0,25.0
3376,5.0,25.0
3445,5.0,28.0
3514,6.0,48.0
3583,8.0,128.0
3652,8.0,171.0
3721,8.0,205.0
3790,8.0,165.0
3859,9.0,312.0
3928,7.0,118.0
3997,8.0,202.0
134,2.0,3.0
203,1.0,1.0
272,0.0,0.0
341,0.0,0.0
410,0.0,0.0
479,4.0,11.0
548,6.0,47.0
617,7.0,105.0
686,5.0,26.0
755,5.0,24.0
824,5.0,27.0
893,10.0,827.0
962,9.0,467.0
1031,8.0,154.0
1100,5.0,27.0
1169,8.0,182.0
1238,5.0,20.0
1307,6.0,41.0
1376,6.0,44.0
1445,6.0,44.0
1514,6.0,42.0
1583,6.0,38.0
1652,5.0,19.0
1721,6.0,39.0
1790,5.0,27.0
1859,5.0,27.0
1928,5.0,27.0
1997,5.0,26.0
2066,2.0,3.0
2135,0.0,0.0
2204,2.0,3.0
2273,4.0,8.0
2342,4.0,8.0
2411,3.0,7.0
2480,2.0,2.0
2549,3.0,5.0
2618,2.0,2.0
2687,3.0,4.0
2756,2.0,2.0
2825,2.0,2.0
2894,2.0,3.0
2963,2.0,3.0
3032,2.0,3.0
3101,2.0,3.0
3170,2.0,3.0
3239,4.0,9.0
3308,5.0,25.0
3377,5.0,24.0
3446,6.0,32.0
3515,6.0,35.0
3584,5.0,29.0
3653,4.0,13.0
3722,5.0,16.0
3791,7.0,94.0
3860,8.0,170.0
3929,6.0,56.0
3998,8.0,197.0
135,1.0,1.0
204,1.0,1.0
273,0.0,0.0
342,0.0,0.0
411,0.0,0.0
480,5.0,17.0
549,6.0,36.0
618,7.0,96.0
687,4.0,11.0
756,5.0,24.0
825,7.0,64.0
894,9.0,358.0
963,10.0,633.0
1032,9.0,342.0
1101,6.0,59.0
1170,6.0,48.0
1239,4.0,14.0
1308,6.0,38.0
1377,6.0,49.0
1446,8.0,175.0
1515,7.0,69.0
1584,6.0,51.0
1653,6.0,42.0
1722,5.0,29.0
1791,6.0,35.0
1860,5.0,26.0
1929,4.0,15.0
1998,1.0,1.0
2067,0.0,0.0
2136,0.0,0.0
2205,0.0,0.0
2274,1.0,1.0
2343,3.0,5.0
2412,1.0,1.0
2481,2.0,2.0
2550,2.0,2.0
2619,2.0,2.0
2688,2.0,2.0
2757,2.0,2.0
2826,2.0,2.0
2895,2.0,3.0
2964,2.0,3.0
3033,2.0,3.0
3102,2.0,3.0
3171,2.0,3.0
3240,3.0,5.0
3309,4.0,15.0
3378,5.0,24.0
3447,5.0,28.0
3516,6.0,36.0
3585,6.0,51.0
3654,4.0,13.0
3723,4.0,13.0
3792,6.0,34.0
3861,6.0,47.0
3930,7.0,99.0
3999,7.0,116.0
136,1.0,1.0
205,0.0,0.0
274,0.0,0.0
343,0.0,0.0
412,0.0,0.0
481,5.0,30.0
550,6.0,45.0
619,7.0,113.0
688,5.0,20.0
757,3.0,5.0
826,5.0,24.0
895,8.0,226.0
964,10.0,564.0
1033,9.0,321.0
1102,8.0,146.0
1171,5.0,20.0
1240,7.0,67.0
1309,6.0,47.0
1378,7.0,100.0
1447,9.0,477.0
1516,8.0,132.0
1585,6.0,45.0
1654,6.0,52.0
1723,6.0,35.0
1792,6.0,42.0
1861,6.0,54.0
1930,1.0,1.0
1999,0.0,0.0
2068,0.0,0.0
2137,0.0,0.0
2206,0.0,0.0
2275,4.0,9.0
2344,4.0,9.0
2413,4.0,8.0
2482,5.0,16.0
2551,4.0,8.0
2620,2.0,2.0
2689,2.0,2.0
2758,2.0,2.0
2827,2.0,2.0
2896,2.0,2.0
2965,2.0,3.0
3034,2.0,3.0
3103,2.0,3.0
3172,2.0,3.0
3241,2.0,3.0
3310,4.0,8.0
3379,5.0,20.0
3448,6.0,43.0
3517,6.0,43.0
3586,6.0,34.0
3655,5.0,26.0
3724,5.0,28.0
3793,6.0,57.0
3862,5.0,25.0
3931,7.0,81.0
4000,7.0,91.0
137,0.0,0.0
206,0.0,0.0
275,2.0,2.0
344,3.0,6.0
413,4.0,9.0
482,7.0,67.0
551,8.0,139.0
620,7.0,104.0
689,7.0,92.0
758,5.0,20.0
827,0.0,0.0
896,6.0,47.0
965,8.0,211.0
1034,7.0,91.0
1103,7.0,90.0
1172,5.0,19.0
1241,7.0,68.0
1310,7.0,102.0
1379,10.0,654.0
1448,9.0,476.0
1517,7.0,84.0
1586,7.0,100.0
1655,6.0,50.0
1724,7.0,64.0
1793,6.0,39.0
1862,7.0,74.0
1931,5.0,17.0
2000,3.0,5.0
2069,0.0,0.0
2138,0.0,0.0
2207,3.0,7.0
2276,4.0,9.0
2345,4.0,9.0
2414,4.0,9.0
2483,4.0,9.0
2552,6.0,40.0
2621,5.0,25.0
2690,2.0,2.0
2759,2.0,2.0
2828,4.0,8.0
2897,2.0,2.0
2966,2.0,3.0
3035,2.0,3.0
3104,2.0,3.0
3173,2.0,3.0
3242,2.0,3.0
3311,2.0,3.0
3380,2.0,3.0
3449,3.0,5.0
3518,6.0,55.0
3587,6.0,33.0
3656,5.0,27.0
3725,5.0,27.0
3794,5.0,23.0
3863,6.0,45.0
3932,6.0,42.0
4001,7.0,116.0
138,0.0,0.0
207,0.0,0.0
276,2.0,3.0
345,5.0,25.0
414,6.0,33.0
483,7.0,90.0
552,7.0,90.0
621,6.0,33.0
690,6.0,47.0
759,6.0,38.0
828,5.0,16.0
897,5.0,31.0
